{
  "unit": "mean_sae_activation_high_residual_minus_low_residual",
  "min_per_side": 5,
  "n_rows_total": 7851,
  "d_sae": 16384,
  "subjects": [
    "high_school_us_history",
    "high_school_world_history",
    "professional_law",
    "high_school_european_history",
    "formal_logic",
    "college_biology",
    "marketing",
    "high_school_geography",
    "anatomy",
    "astronomy",
    "high_school_biology",
    "business_ethics",
    "high_school_physics",
    "moral_disputes",
    "college_medicine",
    "high_school_psychology",
    "econometrics",
    "human_aging",
    "obqa",
    "professional_medicine",
    "clinical_knowledge",
    "high_school_microeconomics",
    "professional_accounting",
    "security_studies"
  ],
  "latent_ids": [
    8110,
    5888,
    7928,
    9544,
    13768,
    3303,
    3899,
    9159,
    8770,
    6335,
    14984,
    7211
  ],
  "values": [
    [
      0.23727638163465134,
      -0.32929119179676336,
      0.11192843254576339,
      -0.02263732159391363,
      -0.27613312118321565,
      -0.4580695714631706,
      0.11486694660592586,
      -0.38616627168510487,
      0.028877809634687,
      0.0,
      -0.2628861951972937,
      0.08895245018701048
    ],
    [
      0.08845096910503548,
      -0.043239098052374914,
      0.07377679583052514,
      0.07715164103978117,
      -1.2883738818685888,
      0.740856448956587,
      0.0,
      -0.11694873489802182,
      0.06942604805824051,
      0.0,
      0.5875522541887883,
      1.1396361021810557
    ],
    [
      0.0,
      -0.08665767807866676,
      0.0,
      0.0,
      0.8756420128958242,
      0.34281936854781603,
      0.0,
      0.928963605036818,
      0.7087384885311411,
      0.22926653959812263,
      1.1201940006490398,
      -0.060995654684486464
    ],
    [
      0.024478435516357422,
      1.7152022754444798,
      0.0,
      0.061669422598446114,
      0.7193443073945884,
      0.558672876919017,
      -0.04745782122892492,
      0.8214210229761463,
      0.006917089574477231,
      0.0,
      -0.1428764006670784,
      1.531113223468556
    ],
    [
      0.0,
      0.3545386149470967,
      0.0,
      0.0,
      0.900414520815799,
      0.22353802910424717,
      0.0,
      -0.07443639963193048,
      -0.02305851448747448,
      0.0,
      0.0,
      -0.10438676669185323
    ],
    [
      0.0,
      -0.221096606720659,
      0.07126904896327428,
      0.0,
      0.8625818940929901,
      0.0725214958190918,
      0.11271937234061105,
      0.7781377118332944,
      0.38494210996125877,
      0.0,
      -0.23671068033777676,
      0.0
    ],
    [
      0.0,
      0.10663259522956714,
      0.0,
      0.0,
      0.2124068363925864,
      -0.09998123503567878,
      0.0,
      0.8851958729928002,
      0.0298992003056041,
      -0.12604819297790526,
      0.3167414256982637,
      0.12411638795283803
    ],
    [
      0.11773875843394886,
      -0.0883508590453449,
      0.0,
      0.0,
      -0.40108273501064695,
      0.0,
      0.13410410447554155,
      0.546562900390217,
      0.10767413460634606,
      0.0,
      1.7127270637349012,
      -0.18833184242248535
    ],
    [
      0.0,
      0.17644639242263066,
      0.0,
      0.0,
      -0.2043012095254566,
      0.35371413397410556,
      0.08269179813445561,
      0.8565254002525693,
      -0.21705089569091796,
      0.0,
      0.2929502238924541,
      -0.046765595693436884
    ],
    [
      0.0,
      0.4848766060680077,
      0.0,
      0.0,
      0.18986437456779393,
      0.0,
      0.14130367771271737,
      -0.24470464526571645,
      0.3912127556339387,
      0.0896992145046111,
      0.5264187450740236,
      0.39417865968519644
    ],
    [
      0.0,
      0.6667506636878258,
      0.0,
      0.0,
      0.6097341259481452,
      0.0,
      -0.27201001460735613,
      1.4031373794905728,
      0.44648028256600364,
      0.0,
      1.5424312953202508,
      0.0
    ],
    [
      0.14674260664959343,
      0.0,
      0.0,
      0.0,
      -0.060597726424387766,
      0.12938347641302614,
      -0.03680846863642252,
      -0.03715850131778575,
      0.2656702897986587,
      0.16195103586936482,
      0.14681120986325125,
      -0.20540225867069128
    ],
    [
      0.0,
      1.2136252413311182,
      0.0,
      0.0,
      0.5994693582708186,
      0.0,
      0.0,
      0.5557985450282241,
      0.15837667299353558,
      0.0,
      -0.17362796899044153,
      0.2484101730844249
    ],
    [
      0.0,
      0.14185256707040886,
      0.0,
      0.0,
      2.1822013309127404,
      0.14423202213488126,
      -0.11715138397718727,
      0.22572217677768913,
      0.5766934231707924,
      0.0,
      0.768781246637043,
      -0.17734229564666748
    ],
    [
      0.0,
      0.049570043827375176,
      0.13853931427001953,
      0.0,
      -1.2888170449743517,
      -0.08293558765207859,
      0.12239579267280046,
      1.5086399693495598,
      -0.30549666199899406,
      0.0,
      0.4540823207182043,
      0.0
    ],
    [
      0.0,
      0.5480406483014425,
      0.0,
      0.0,
      0.8193536342560561,
      0.10929773251215617,
      0.0,
      1.8291625575772648,
      0.1292013923327128,
      0.0,
      -0.2693669097176914,
      0.0
    ],
    [
      0.0,
      -0.5702579145973545,
      0.0,
      0.0,
      -0.030873215509816365,
      0.0,
      0.0,
      0.00645927057105089,
      0.16355678013392858,
      0.14283022426423572,
      0.0,
      0.1504909424554734
    ],
    [
      0.0,
      0.19478862626211985,
      0.0,
      0.0,
      -0.22809324302370593,
      0.04385945304991706,
      0.0,
      0.6495201364396113,
      -0.056126334932115385,
      0.0,
      -0.2689346525404188,
      0.21871578277103482
    ],
    [
      0.26199634258563703,
      0.07535859410774494,
      0.0,
      0.0,
      0.8129148764227884,
      0.21454682716956505,
      0.1936483199779804,
      -0.19577686095979135,
      0.7846996686657595,
      0.0,
      0.4697055246943147,
      0.7268916163624015
    ],
    [
      0.0,
      -0.13436875804778067,
      0.0,
      0.0,
      -0.14178640611710086,
      -0.3931601166375571,
      -0.08440138447669245,
      -2.0111518325693796,
      0.0,
      0.0,
      -0.6987207935702416,
      -0.3627955361195673
    ],
    [
      0.0,
      0.604015427251016,
      0.0,
      0.0,
      -0.32739427762153817,
      0.3385531517767137,
      0.04193616051433302,
      1.0495141347249348,
      0.28651049434892195,
      0.0,
      0.4238308014408234,
      0.20235030921260813
    ],
    [
      0.0,
      0.567727015147053,
      0.0,
      0.0,
      1.2309550922808659,
      0.0,
      -0.04828193775854947,
      1.0115286091805347,
      0.0,
      0.0,
      0.19868384242373993,
      0.14444221594394782
    ],
    [
      0.0,
      0.0,
      0.0,
      0.0,
      0.9409414352254665,
      -0.12144951110190534,
      0.0,
      0.020007927246248336,
      0.2455333982195173,
      0.0,
      0.7292584918794178,
      0.6518716242054917
    ],
    [
      0.13325786590576172,
      0.0,
      0.0,
      0.1628551483154297,
      0.00016929251807074053,
      0.0,
      1.7275509425571989,
      -0.3261670299938746,
      0.8143129825592041,
      0.0,
      0.19851535728999536,
      -0.12041013240814208
    ]
  ],