{
  "column": "residual_error",
  "n_rows": 7851,
  "quantiles": {
    "q25": 0.41743715304087303,
    "q50": 0.5045815535836122,
    "q75": 0.5056766052482489
  },
  "group_split_quantiles": {
    "high_q": 0.75,
    "low_q": 0.25
  },
  "full_range": {
    "min": -0.8851342953638582,
    "max": 0.6790888740712155,
    "n_bins": 40
  },
  "full": {
    "min": -0.8851342953638582,
    "max": 0.6790888740712155,
    "n_bins": 40,
    "edges": [
      -0.8851342953638582,
      -0.8460287161279814,
      -0.8069231368921046,
      -0.7678175576562277,
      -0.7287119784203508,
      -0.6896063991844741,
      -0.6505008199485972,
      -0.6113952407127203,
      -0.5722896614768436,
      -0.5331840822409667,
      -0.4940785030050898,
      -0.454972923769213,
      -0.4158673445333362,
      -0.3767617652974593,
      -0.33765618606158243,
      -0.29855060682570567,
      -0.2594450275898288,
      -0.22033944835395192,
      -0.18123386911807515,
      -0.14212828988219828,
      -0.1030227106463214,
      -0.06391713141044464,
      -0.024811552174567764,
      0.014294027061309111,
      0.053399606297185875,
      0.09250518553306275,
      0.13161076476893963,
      0.1707163440048164,
      0.20982192324069338,
      0.24892750247657014,
      0.2880330817124469,
      0.3271386609483239,
      0.36624424018420065,
      0.4053498194200774,
      0.4444553986559544,
      0.48356097789183117,
      0.5226665571277079,
      0.5617721363635849,
      0.6008777155994617,
      0.6399832948353384,
      0.6790888740712155
    ],
    "counts": [
      1,
      0,
      0,
      1,
      4,
      7,
      7,
      22,
      79,
      1138,
      541,
      21,
      2,
      4,
      2,
      0,
      0,
      0,
      0,
      0,
      0,
      0,
      0,
      0,
      0,
      0,
      0,
      0,
      1,
      5,
      12,
      22,
      60,
      176,
      709,
      4767,
      224,
      34,
      7,
      5
    ]
  },
  "zoom": {
    "percentile_window": [
      1.0,
      99.0
    ],
    "min": -0.5489238731495463,
    "max": 0.5496746206428352,
    "n_bins": 48,
    "edges": [
      -0.5489238731495463,
      -0.5260364045288717,
      -0.5031489359081971,
      -0.4802614672875224,
      -0.4573739986668478,
      -0.4344865300461732,
      -0.41159906142549857,
      -0.3887115928048239,
      -0.36582412418414934,
      -0.34293665556347475,
      -0.3200491869428001,
      -0.29716171832212546,
      -0.27427424970145087,
      -0.2513867810807763,
      -0.22849931246010163,
      -0.205611843839427,
      -0.1827243752187524,
      -0.1598369065980778,
      -0.13694943797740317,
      -0.11406196935672852,
      -0.09117450073605393,
      -0.06828703211537934,
      -0.04539956349470464,
      -0.022512094874030053,
      0.00037537374664453615,
      0.023262842367319125,
      0.046150310987993715,
      0.06903777960866841,
      0.091925248229343,
      0.1148127168500176,
      0.1377001854706923,
      0.16058765409136688,
      0.18347512271204147,
      0.20636259133271606,
      0.22925005995339065,
      0.25213752857406535,
      0.27502499719473994,
      0.29791246581541453,
      0.32079993443608923,
      0.3436874030567638,
      0.3665748716774384,
      0.389462340298113,
      0.4123498089187876,
      0.4352372775394623,
      0.458124746160137,
      0.4810122147808116,
      0.5038996834014862,
      0.5267871520221608,
      0.5496746206428352
    ],
    "counts": [
      100,
      207,
      1341,
      72,
      18,
      4,
      1,
      4,
      0,
      2,
      1,
      0,
      0,
      0,
      0,
      0,
      0,
      0,
      0,
      0,
      0,
      0,
      0,
      0,
      0,
      0,
      0,
      0,
      0,
      0,
      0,
      0,
      0,
      0,
      1,
      4,
      2,
      7,
      10,
      16,
      26,
      42,
      98,
      172,
      453,
      724,
      4243,
      145
    ]
  }
}