label,n_instances,n_errors,high_coverage,high_concentration,coverage,concentration,predictive_utility_auc,predictive_utility_f1,redundancy_avg_jaccard,stability_overlap_at_k
mmlu_gpt35_sae_latents,7851,2418,0.8122415219189413,1.0,,,,,,
mmlu_gpt35_train_only,7851,2418,0.8122415219189413,1.0,,,,,,
mmlu_gpt35_train_only,7851,2418,0.8122415219189413,1.0,,,,,,
mmlu_gpt35_train_only,7851,2418,0.8122415219189413,1.0,,,,,,
mmlu_gpt35_sae_latents_head_200,200,95,0.7578947368421053,1.0,1.0,0.475,0.5870535714285714,0.5283018867924528,0.2351545013977715,
mmlu_gemma_unified_sae,7851,7851,0.0,0.0,0.0,0.0,,,0.0,0.0
mmlu_gemma_unified_sae,7851,6022,0.3261374958485553,1.0,1.0,0.7670360463635205,0.4979486776278851,0.5749913404918601,0.600072357591698,
